Year,Team,Player,Salary,Percent_team_salary
2022.0,BOS,Jayson Tatum,30351780.0,0.16991109054483328
2022.0,BOS,Jaylen Brown,29776785.0,0.16669223394044874
2022.0,BOS,Al Horford,26500000.0,0.14834859436375994
2022.0,BOS,Malcolm Brogdon,22600000.0,0.12651615972154623
2022.0,BOS,Marcus Smart,17207142.0,0.09632661617802328
2022.0,BOS,Derrick White,17142857.0,0.09596674488033746
2022.0,BOS,Robert Williams,10714287.0,0.05997922324754364
2022.0,BOS,Danilo Gallinari,6479000.0,0.03626983180689814
2022.0,BOS,Grant Williams,4306281.0,0.024106820123976094
2022.0,BOS,Mike Muscala,3500000.0,0.01959321057634565
2022.0,BOS,Blake Griffin,2905851.0,0.016267128727567026
2022.0,BOS,Payton Pritchard,2239200.0,0.012535176320729481
2022.0,BOS,Luke Kornet,2133278.0,0.011942218591967287
2022.0,BOS,Sam Hauser,1637966.0,0.009169432215684167
2022.0,BOS,Mfiondu Kabengele,508891.0,0.002848802435259176
2022.0,BOS,JD Davison,508891.0,0.002848802435259176
2022.0,BOS,Demetrius Jackson,92857.0,0.0005198190727107795
2022.0,BOS,Justin Champagnie,28241.0,0.00015809481711045073
2023.0,BOS,Jrue Holiday,37620347.0,0.2012419046550006
2023.0,BOS,Kristaps Porzingis,36016200.0,0.19266086744057498
2023.0,BOS,Jayson Tatum,32600060.0,0.17438696581579374
2023.0,BOS,Jaylen Brown,31830357.0,0.17026960619285705
2023.0,BOS,Derrick White,18857143.0,0.10087220550282835
2023.0,BOS,Al Horford,10000000.0,0.05349283584625113
2023.0,BOS,Payton Pritchard,4037277.0,0.02159653958268452
2023.0,BOS,Luke Kornet,2413304.0,0.012909447471910123
2023.0,BOS,Sviatoslav Mykhailiuk,2346614.0,0.012552703749651475
2023.0,BOS,Jaden Springer,2226240.0,0.011908789087435812
2023.0,BOS,Oshae Brissett,2165000.0,0.011581198960713369
2023.0,BOS,Xavier Tillman,1930681.0,0.010327760180447598
2023.0,BOS,Sam Hauser,1927896.0,0.010312862425664416
2023.0,BOS,Jordan Walsh,1119563.0,0.005988859977853645
2023.0,BOS,Neemias Queta,641035.0,0.003429078002670159
2023.0,BOS,JD Davison,559782.0,0.002994432663568615
2023.0,BOS,Drew Peterson,395708.0,0.002116754308704834
2023.0,BOS,Nathan Knight,160857.0,0.0008604697095720417
2023.0,BOS,Demetrius Jackson,92857.0,0.0004967184258175341
2022.0,ATL,Trae Young,37096500.0,0.2475801710363762
2022.0,ATL,John Collins,23500000.0,0.15683781540994005
2022.0,ATL,Clint Capela,18206896.0,0.12151190612919045
2022.0,ATL,Bogdan Bogdanovic,18000000.0,0.12013109265442216
2022.0,ATL,Dejounte Murray,17071120.0,0.11393179435748663
2022.0,ATL,De'Andre Hunter,9835881.0,0.06564417398604837
2022.0,ATL,Onyeka Okongwu,6395160.0,0.04268097547221414
2022.0,ATL,AJ Griffin,3536160.0,0.02360015358893675
2022.0,ATL,Saddiq Bey,2959080.0,0.019748750758435973
2022.0,ATL,Jalen Johnson,2792640.0,0.018637938588358084
2022.0,ATL,Bruno Fernando,2717391.0,0.01813573055551627
2022.0,ATL,Garrison Mathews,2000000.0,0.013347899183824685
2022.0,ATL,Aaron Holiday,1968175.0,0.013135500738062075
2022.0,ATL,Vit Krejci,1563518.0,0.010434840318047601
2022.0,ATL,Tyrese Martin,1017781.0,0.006792619089606136
2022.0,ATL,Trent Forrest,508891.0,0.0033963128817778637
2022.0,ATL,Jarrett Culver,260295.0,0.0017371957090268231
2022.0,ATL,Donovan Williams,239822.0,0.0016005599390316017
2022.0,ATL,Derrick Favors,167003.0,0.001114569603698137
2023.0,ATL,Trae Young,40064220.0,0.25173337020845044
2023.0,ATL,Clint Capela,20616000.0,0.12953540990483314
2023.0,ATL,De'Andre Hunter,20089286.0,0.1262259360062779
2023.0,ATL,Bogdan Bogdanovic,18700000.0,0.11749670960517945
2023.0,ATL,Dejounte Murray,18214000.0,0.11444305180474537
2023.0,ATL,Onyeka Okongwu,8109063.0,0.0509512417369575
2023.0,ATL,Patrick Mills,6802950.0,0.04274461179724896
2023.0,ATL,Saddiq Bey,4556983.0,0.02863264749875612
2023.0,ATL,Kobe Bufkin,4094244.0,0.025725144295227185
2023.0,ATL,AJ Griffin,3712920.0,0.023329191605735985
2023.0,ATL,Wesley Matthews,3196448.0,0.020084070717863993
2023.0,ATL,Jalen Johnson,2925360.0,0.018380757989872074
2023.0,ATL,Bruno Fernando,2581522.0,0.016220339078790485
2023.0,ATL,Garrison Mathews,2000000.0,0.012566493005901546
2023.0,ATL,Mouhamed Gueye,1119563.0,0.007034490304583076
2023.0,ATL,Trent Forrest,1112933.0,0.006992832380268512
2023.0,ATL,Seth Lundy,559782.0,0.0035172482939147894
2023.0,ATL,Vit Krejci,369971.0,0.0023246189919432004
2023.0,ATL,Miles Norris,193028.0,0.0012128425059715817
2023.0,ATL,Dylan Windler,135120.0,0.0008489922674787085
2022.0,BRK,Ben Simmons,35448672.0,0.22215579372398342
2022.0,BRK,Mikal Bridges,20100000.0,0.12596611387450754
2022.0,BRK,Spencer Dinwiddie,19500000.0,0.12220593137079089
2022.0,BRK,Joe Harris,18642857.0,0.11683424118448557
2022.0,BRK,Dorian Finney-Smith,12939848.0,0.08109365008392132
2022.0,BRK,Nicolas Claxton,9350000.0,0.05859617734958435
2022.0,BRK,Royce O'Neale,9200000.0,0.05765613172365519
2022.0,BRK,Seth Curry,8496653.0,0.05324827658458587
2022.0,BRK,Patrick Mills,6479000.0,0.040603704069300216
2022.0,BRK,Cameron Johnson,5887899.0,0.036899291339084525
2022.0,BRK,Jevon Carter,3925000.0,0.02459786054514637
2022.0,BRK,Cam Thomas,2138160.0,0.013399786370244629
2022.0,BRK,Day'Ron Sharpe,2109480.0,0.013220049646566973
2022.0,BRK,Yuta Watanabe,1968175.0,0.012334495332087506
2022.0,BRK,Edmond Sumner,1968175.0,0.012334495332087506
2022.0,BRK,David Duke,531283.0,0.0033295350685368153
2022.0,BRK,Alondes Williams,254446.0,0.0015946056622344747
2022.0,BRK,Dru Smith,251521.0,0.0015762747725288561
2022.0,BRK,Moses Brown,218636.0,0.0013701854364709864
2022.0,BRK,Nerlens Noel,151069.0,0.0009467450177566159
2022.0,BRK,RaiQuan Gray,5849.0,3.665551244039774e-05
2023.0,BRK,Ben Simmons,37893408.0,0.24444972908968063
2023.0,BRK,Cameron Johnson,25679348.0,0.16565703622644953
2023.0,BRK,Mikal Bridges,21700000.0,0.13998633010908043
2023.0,BRK,Dorian Finney-Smith,13932008.0,0.08987514612766588
2023.0,BRK,Dennis Schroeder,12405000.0,0.08002444354853193
2023.0,BRK,Nicolas Claxton,9625000.0,0.06209071093547923
2023.0,BRK,Thaddeus Young,8000000.0,0.05160786363468404
2023.0,BRK,Noah Clowney,3089460.0,0.019930053798101366
2023.0,BRK,Dariq Whitehead,2966040.0,0.01913387348187728
2023.0,BRK,Dennis Smith,2528233.0,0.016309587987588515
2023.0,BRK,Lonnie Walker,2346614.0,0.015137966914405056
2023.0,BRK,Keita Bates-Diop,2346614.0,0.015137966914405056
2023.0,BRK,Cam Thomas,2240160.0,0.014451233974984223
2023.0,BRK,Day'Ron Sharpe,2210040.0,0.014256930368399638
2023.0,BRK,Harry Giles,2165000.0,0.013966378096136368
2023.0,BRK,Trendon Watford,2019706.0,0.013029088978769145
2023.0,BRK,Jordan Goodwin,1927896.0,0.012436824233731601
2023.0,BRK,Jalen Wilson,850000.0,0.005483335511185179
2023.0,BRK,Keon Johnson,534045.0,0.0034451151918481046
2023.0,BRK,Armoni Brooks,241285.0,0.0015565254221368422
2023.0,BRK,Jaylen Martin,173725.0,0.0011206970137419355
2023.0,BRK,Jacob Gilyard,141554.0,0.000913162441118008
2022.0,CHI,Zach LaVine,37096500.0,0.24411214714652368
2022.0,CHI,DeMar DeRozan,27300000.0,0.17964664097960983
2022.0,CHI,Nikola Vucevic,22000000.0,0.14477018687001525
2022.0,CHI,Lonzo Ball,19534884.0,0.12854858214382142
2022.0,CHI,Alex Caruso,9030000.0,0.059421581247101715
2022.0,CHI,Patrick Williams,7775400.0,0.05116573231768712
2022.0,CHI,Coby White,7413955.0,0.04878725685435836
2022.0,CHI,Derrick Jones,3200000.0,0.021057481726547676
2022.0,CHI,Andre Drummond,3200000.0,0.021057481726547676
2022.0,CHI,Dalen Terry,3191400.0,0.021000889744407576
2022.0,CHI,Goran Dragic,2905851.0,0.019121845103928215
2022.0,CHI,Tony Bradley,2036318.0,0.013399915335762532
2022.0,CHI,Javonte Green,1815677.0,0.011947995390254032
2022.0,CHI,Marko Simonovic,1563518.0,0.010288672410665115
2022.0,CHI,Ayo Dosunmu,1563518.0,0.010288672410665115
2022.0,CHI,Patrick Beverley,801614.0,0.005274991298982746
2022.0,CHI,Carlik Jones,612162.0,0.004028309415214649
2022.0,CHI,Malcolm Hill,508891.0,0.003348738416657679
2022.0,CHI,Kostas Antetokounmpo,172555.0,0.0011354917997888855
2022.0,CHI,Terry Taylor,140384.0,0.0009237917233436465
2022.0,CHI,Justin Lewis,102363.0,0.0006735959381170624
2023.0,CHI,Zach LaVine,40064220.0,0.24188923827985334
2023.0,CHI,DeMar DeRozan,28600000.0,0.17267357794071134
2023.0,CHI,Lonzo Ball,20465117.0,0.12355891522256211
2023.0,CHI,Nikola Vucevic,18518519.0,0.1118062564298267
2023.0,CHI,Coby White,11111111.0,0.06708375144288095
2023.0,CHI,Patrick Williams,9835881.0,0.059384502254162995
2023.0,CHI,Alex Caruso,9460000.0,0.057115106549619904
2023.0,CHI,Ayo Dosunmu,6481482.0,0.03913219186357754
2023.0,CHI,Jevon Carter,6190476.0,0.03737523217049311
2023.0,CHI,Andre Drummond,3360000.0,0.020286126639188464
2023.0,CHI,Dalen Terry,3350760.0,0.020230339790930696
2023.0,CHI,Torrey Craig,2528233.0,0.01526430202719505
2023.0,CHI,Terry Taylor,2019706.0,0.012194051098193088
2023.0,CHI,Julian Phillips,1600000.0,0.009660060304375459
2023.0,CHI,Adama Sanogo,559782.0,0.0033797049233149396
2023.0,CHI,Onuralp Bitim,500000.0,0.003018768845117331
2023.0,CHI,Henri Drell,389274.0,0.002350256446828408
2023.0,CHI,Javonte Green,261293.0,0.0015775663356944855
2023.0,CHI,Justin Lewis,173725.0,0.0010488712352360167
2023.0,CHI,Andrew Funk,160857.0,0.000971180200238077
2022.0,CHO,Gordon Hayward,30075000.0,0.2389293163824311
2022.0,CHO,Terry Rozier,21486316.0,0.17069695073838376
2022.0,CHO,Kelly Oubre,12600000.0,0.10010006272381153
2022.0,CHO,Reggie Jackson,10876844.0,0.08641053703469151
2022.0,CHO,Nicolas Batum,8856969.0,0.07036374225736938
2022.0,CHO,LaMelo Ball,8623920.0,0.06851229626389942
2022.0,CHO,Cody Martin,7000000.0,0.05561114595767307
2022.0,CHO,PJ Washington,5808435.0,0.0461448180815224
2022.0,CHO,James Bouknight,4362240.0,0.03465559504891425
2022.0,CHO,Mark Williams,3722040.0,0.029569558528613926
2022.0,CHO,Kai Jones,2909040.0,0.023110721148101324
2022.0,CHO,Dennis Smith,2133278.0,0.0169477191751847
2022.0,CHO,Sviatoslav Mykhailiuk,1968175.0,0.015636066742177598
2022.0,CHO,Nick Richards,1782621.0,0.014161942374030446
2022.0,CHO,JT Thor,1563518.0,0.012421289672207013
2022.0,CHO,Bryce McGowens,1461055.0,0.01160727755102686
2022.0,CHO,Theo Maledon,508891.0,0.004042858811078029
2022.0,CHO,Xavier Sneed,102910.0,0.0008175632900720193
2022.0,CHO,Kobi Simmons,32795.0,0.00026053821881169835
2023.0,CHO,Kyle Lowry,28543576.0,0.20276100603572447
2023.0,CHO,Davis Bertans,17000000.0,0.12076052077733064
2023.0,CHO,Grant Williams,12405000.0,0.08811966236722274
2023.0,CHO,LaMelo Ball,10900635.0,0.07743331525903516
2023.0,CHO,Brandon Miller,10880364.0,0.07728931899334826
2023.0,CHO,Miles Bridges,7921300.0,0.05626943019020407
2023.0,CHO,Vasilije Micic,7723000.0,0.05486079423313674
2023.0,CHO,Cody Martin,7560000.0,0.05370291394568351
2023.0,CHO,Nick Richards,5000000.0,0.03551780022862666
2023.0,CHO,James Bouknight,4570080.0,0.03246383769376843
2023.0,CHO,Seth Curry,4000000.0,0.028414240182901326
2023.0,CHO,Mark Williams,3908160.0,0.027761849228301914
2023.0,CHO,Ishmael Smith,3196448.0,0.022706160301038645
2023.0,CHO,Tre Mann,3191400.0,0.022670301529927824
2023.0,CHO,Kai Jones,3047880.0,0.021650798592165326
2023.0,CHO,Frank Ntilikina,2528233.0,0.017959454925084294
2023.0,CHO,Nick Smith,2463912.0,0.017502546839383192
2023.0,CHO,JT Thor,1836096.0,0.013042818185716098
2023.0,CHO,Bryce McGowens,1719864.0,0.012217157194481352
2023.0,CHO,Aleksej Pokusevski,565176.0,0.00401476165240286
2023.0,CHO,Amari Bailey,559782.0,0.003976445049516218
2023.0,CHO,Leaky Black,559782.0,0.003976445049516218
2023.0,CHO,Nathan Mensah,395708.0,0.0028109355385738796
2023.0,CHO,Marques Bolden,257629.0,0.0018300830710201714
2023.0,CHO,Edmond Sumner,40459.0,0.0002874029358900012
2022.0,CLE,Donovan Mitchell,30913750.0,0.20342511466082785
2022.0,CLE,Kevin Love,27442830.0,0.18058504191072278
2022.0,CLE,Jarrett Allen,20000000.0,0.1316081773714466
2022.0,CLE,Caris LeVert,18796296.0,0.1236873128947106
2022.0,CLE,Darius Garland,8920794.0,0.05870247195230683
2022.0,CLE,Evan Mobley,8478720.0,0.055793444282141585
2022.0,CLE,Cedi Osman,7426088.0,0.04886669533399855
2022.0,CLE,Isaac Okoro,7040880.0,0.046331869194553545
2022.0,CLE,Ricky Rubio,5853659.0,0.038519469597198236
2022.0,CLE,Dylan Windler,4037277.0,0.02656693337568309
2022.0,CLE,Robin Lopez,2905851.0,0.019121687691149775
2022.0,CLE,Raul Neto,2463490.0,0.01621077144363925
2022.0,CLE,Danny Green,2000000.0,0.01316081773714466
2022.0,CLE,Dean Wade,1930681.0,0.012704670374784094
2022.0,CLE,Lamar Stevens,1782621.0,0.011730375037703276
2022.0,CLE,Sam Merrill,955522.0,0.00628772544291597
2022.0,CLE,Mamadi Diakite,508891.0,0.0033487108495366415
2022.0,CLE,Isaiah Mobley,508891.0,0.0033487108495366415
2023.0,CLE,Darius Garland,34005250.0,0.20377764969866208
2023.0,CLE,Donovan Mitchell,33162030.0,0.19872462436348867
2023.0,CLE,Jarrett Allen,20000000.0,0.11985069934710792
2023.0,CLE,Caris LeVert,15384616.0,0.0921928493393353
2023.0,CLE,Max Strus,14487684.0,0.08681795296599529
2023.0,CLE,Isaac Okoro,8920794.0,0.05345816998157421
2023.0,CLE,Evan Mobley,8882640.0,0.05322953080242974
2023.0,CLE,Georges Niang,8800000.0,0.05273430771272748
2023.0,CLE,Dean Wade,5709877.0,0.034216637581798326
2023.0,CLE,Ricky Rubio,3722327.0,0.02230617470743111
2023.0,CLE,Tristan Thompson,3196448.0,0.01915482641133322
2023.0,CLE,Damian Jones,2586665.0,0.015500680461334345
2023.0,CLE,Ty Jerome,2439025.0,0.014615942598753994
2023.0,CLE,Sam Merrill,1997238.0,0.011968518553130957
2023.0,CLE,Craig Porter,1500000.0,0.008988802451033093
2023.0,CLE,Isaiah Mobley,559782.0,0.0033545132090961383
2023.0,CLE,Emoni Bates,559782.0,0.0033545132090961383
2023.0,CLE,Marcus Morris,496001.0,0.002972303336343244
2023.0,CLE,Pete Nance,244503.0,0.0014651927771232964
2023.0,CLE,Zhaire Smith,116075.0,0.0006955834963357777
2023.0,CLE,Sharife Cooper,103550.0,0.0006205269958696512
2022.0,DAL,Kyrie Irving,38917057.0,0.2195674028060647
2022.0,DAL,Luka Doncic,37096500.0,0.20929594337503937
2022.0,DAL,Tim Hardaway Jr,19602273.0,0.11059469814753584
2022.0,DAL,Davis Bertans,16000000.0,0.09027091757984257
2022.0,DAL,Christian Wood,14317459.0,0.08077813508386095
2022.0,DAL,Dwight Powell,11080125.0,0.06251331566558457
2022.0,DAL,Reggie Bullock,10012800.0,0.05649154022146548
2022.0,DAL,Maxi Kleber,9000000.0,0.05077739113866144
2022.0,DAL,JaVale McGee,5461219.0,0.03081182813965439
2022.0,DAL,Josh Green,3098400.0,0.017480963189336514
2022.0,DAL,Markieff Morris,2905851.0,0.016394614757518945
2022.0,DAL,Frank Ntilikina,2036318.0,0.011488768396521866
2022.0,DAL,Theo Pinson,1968175.0,0.011104310200481665
2022.0,DAL,Tyrell Terry,1782621.0,0.010057427085443533
2022.0,DAL,Jaden Hardy,1017781.0,0.005742251547833109
2022.0,DAL,Kemba Walker,684712.0,0.0038630987823705725
2022.0,DAL,Justin Holiday,569821.0,0.003214891532891467
2022.0,DAL,McKinley Wright,508891.0,0.002871128594882729
2022.0,DAL,Facundo Campazzo,464299.0,0.0026195435475877076
2022.0,DAL,AJ Lawson,307089.0,0.0017325753630422671
2022.0,DAL,Chris Silva,211045.0,0.001190701612539867
2022.0,DAL,Tyler Dorsey,201802.0,0.0011385532318404618
2023.0,DAL,Luka Doncic,40064220.0,0.23882452909967677
2023.0,DAL,Kyrie Irving,38037037.0,0.2267404045273309
2023.0,DAL,Tim Hardaway Jr,17897728.0,0.10668912215323548
2023.0,DAL,PJ Washington,16847826.0,0.10043061142344194
2023.0,DAL,Daniel Gafford,12402000.0,0.07392885247470664
2023.0,DAL,Maxi Kleber,11000000.0,0.06557147050651291
2023.0,DAL,Dereck Lively,4775628.0,0.028467722777461565
2023.0,DAL,Josh Green,4765339.0,0.028406389608366882
2023.0,DAL,Dwight Powell,4000000.0,0.02384417109327742
2023.0,DAL,Markieff Morris,3196448.0,0.019054163250691106
2023.0,DAL,Dante Exum,3000000.0,0.017883128319958065
2023.0,DAL,Olivier-Maxence Prosper,2733720.0,0.016295821850278586
2023.0,DAL,Derrick Jones,2709849.0,0.01615352579823668
2023.0,DAL,JaVale McGee,2348324.0,0.013998459809612401
2023.0,DAL,Jaden Hardy,1719864.0,0.010252182868292119
2023.0,DAL,AJ Lawson,1000000.0,0.005961042773319355
2023.0,DAL,Greg Brown,559782.0,0.003336884445734255
2023.0,DAL,Brandon Williams,350668.0,0.0020903469472343516
2023.0,DAL,Dexter Dennis,212331.0,0.001265714173101672
2023.0,DAL,Alex Fudge,135120.0,0.0008054560995309113
2022.0,DEN,Nikola Jokic,33047803.0,0.20357320913043112
2022.0,DEN,Jamal Murray,31650600.0,0.19496649180896
2022.0,DEN,Michael Porter,30913750.0,0.19042752384344172
2022.0,DEN,Aaron Gordon,20690909.0,0.1274552122256272
2022.0,DEN,Kentavious Caldwell-Pope,14004703.0,0.08626843765162169
2022.0,DEN,Bruce Brown,6479000.0,0.0399103934974456
2022.0,DEN,Ishmael Smith,4725000.0,0.029105820230811926
2022.0,DEN,Jeff Green,4500000.0,0.027719828791249453
2022.0,DEN,DeAndre Jordan,2905851.0,0.01789993160286245
2022.0,DEN,Christian Braun,2808600.0,0.017300869142911825
2022.0,DEN,Zeke Nnaji,2617800.0,0.016125548402162848
2022.0,DEN,Vlatko Cancar,2234359.0,0.013763566430708297
2022.0,DEN,Peyton Watson,2193960.0,0.013514710127744366
2022.0,DEN,Thomas Bryant,1968175.0,0.01212388311804831
2022.0,DEN,Reggie Jackson,580373.0,0.003575075598903071
2022.0,DEN,Jack White,508891.0,0.00313474919853505
2022.0,DEN,Collin Gillespie,508891.0,0.00313474919853505
2023.0,DEN,Nikola Jokic,47607350.0,0.26313598660804816
2023.0,DEN,Jamal Murray,33833400.0,0.1870044245122809
2023.0,DEN,Michael Porter,33386850.0,0.1845362473333406
2023.0,DEN,Aaron Gordon,21266182.0,0.11754272779216475
2023.0,DEN,Kentavious Caldwell-Pope,14704938.0,0.08127733151793112
2023.0,DEN,Reggie Jackson,5000000.0,0.02763606739380034
2023.0,DEN,Zeke Nnaji,4306281.0,0.023801734386528387
2023.0,DEN,Justin Holiday,3196448.0,0.017667450469755663
2023.0,DEN,DeAndre Jordan,3196448.0,0.017667450469755663
2023.0,DEN,Christian Braun,2949120.0,0.01630041581448089
2023.0,DEN,Julian Strawther,2431044.0,0.013436899164258791
2023.0,DEN,Peyton Watson,2303520.0,0.012732046792593392
2023.0,DEN,Vlatko Cancar,2234359.0,0.012349779181188868
2023.0,DEN,Jalen Pickett,1708143.0,0.00944127101324966
2023.0,DEN,Hunter Tyson,1119563.0,0.006188063703921058
2023.0,DEN,Collin Gillespie,559782.0,0.0030940346155672684
2023.0,DEN,Braxton Key,559782.0,0.0030940346155672684
2023.0,DEN,Jay Huff,559782.0,0.0030940346155672684
2022.0,DET,Bojan Bogdanovic,19550000.0,0.15137018667002392
2022.0,DET,Marvin Bagley,12500000.0,0.09678400682226593
2022.0,DET,Cade Cunningham,10552800.0,0.08170738137552062
2022.0,DET,Alec Burks,10012800.0,0.07752631228079875
2022.0,DET,James Wiseman,9603360.0,0.07435613278053406
2022.0,DET,Nerlens Noel,9240000.0,0.07154273784301897
2022.0,DET,Kemba Walker,9165471.0,0.07096568062346244
2022.0,DET,DeAndre Jordan,7827907.0,0.06060929635936506
2022.0,DET,Jaden Ivey,7252200.0,0.05615175794211496
2022.0,DET,Killian Hayes,5837760.0,0.04520014429334009
2022.0,DET,Hamidou Diallo,5200000.0,0.040262146838062625
2022.0,DET,Cory Joseph,5155500.0,0.039917595773775356
2022.0,DET,Jalen Duren,4124280.0,0.03193314749255479
2022.0,DET,Isaiah Stewart,3433320.0,0.026583237304241763
2022.0,DET,Dewayne Dedmon,2748674.0,0.021282214653454798
2022.0,DET,Rodney McGruder,2298385.0,0.017795752761615494
2022.0,DET,Isaiah Livers,1563518.0,0.012105882942298847
2022.0,DET,Zhaire Smith,1068200.0,0.008270774087003557
2022.0,DET,Buddy Boeheim,508891.0,0.003940200801263179
2022.0,DET,RJ Hampton,485403.0,0.003758339781083868
2022.0,DET,Eugene Omoruyi,457717.0,0.0035439748200533673
2022.0,DET,Jared Rhoden,307089.0,0.0023777043096834256
2022.0,DET,Braxton Key,201802.0,0.0015624964915797526
2022.0,DET,Stanley Umude,58493.0,0.00045289495288438405
2023.0,DET,Joe Harris,19928571.0,0.1431310752204215
2023.0,DET,Evan Fournier,18857143.0,0.13543586006117772
2023.0,DET,James Wiseman,12119440.0,0.0870442982725347
2023.0,DET,Cade Cunningham,11055360.0,0.0794018579530283
2023.0,DET,Ausar Thompson,7977420.0,0.0572954629855244
2023.0,DET,Jaden Ivey,7614480.0,0.054688753631376534
2023.0,DET,Killian Hayes,7413955.0,0.053248542044776824
2023.0,DET,Danilo Gallinari,6802950.0,0.04886017909516776
2023.0,DET,Isaiah Stewart,5266713.0,0.03782661057671279
2023.0,DET,Shake Milton,5000000.0,0.035911023229016646
2023.0,DET,Jalen Duren,4330680.0,0.03110383001548756
2023.0,DET,Danuel House,4310250.0,0.0309570975745738
2023.0,DET,Troy Brown,4000000.0,0.028728818583213318
2023.0,DET,Malachi Flynn,3873024.0,0.027816850966107795
2023.0,DET,Mike Muscala,3500000.0,0.02513771626031165
2023.0,DET,Simone Fontecchio,3044872.0,0.021868893824276474
2023.0,DET,Dewayne Dedmon,2748674.0,0.01974153917259882
2023.0,DET,Marcus Sasser,2624028.0,0.018846306092318018
2023.0,DET,Ryan Arcidiacono,2528233.0,0.01815828679827329
2023.0,DET,Quentin Grimes,2385720.0,0.01713472926758592
2023.0,DET,Stanley Umude,1098242.0,0.00788779879461634
2023.0,DET,Taj Gibson,734816.0,0.005277598889010619
2023.0,DET,Jared Rhoden,559782.0,0.004020468881037079
2023.0,DET,Malcolm Cazalon,559782.0,0.004020468881037079
2023.0,DET,Chimezie Metu,350644.0,0.0025183969658230626
2023.0,DET,Tosan Evbuomwan,231634.0,0.0016636427909260084
2023.0,DET,Buddy Boeheim,167291.0,0.0012015181974010848
2023.0,DET,Jaylen Nowell,149310.0,0.001072374975664895
2022.0,GSW,Stephen Curry,48070014.0,0.24986215482660512
2022.0,GSW,Klay Thompson,40600080.0,0.2110343357697494
2022.0,GSW,Andrew Wiggins,33616770.0,0.1747359297734004
2022.0,GSW,Draymond Green,25806468.0,0.13413891876428058
2022.0,GSW,Gary Payton II,8300000.0,0.043142402352136254
2022.0,GSW,Kevon Looney,8000000.0,0.04158303841169759
2022.0,GSW,Jonathan Kuminga,5739840.0,0.02983499839962479
2022.0,GSW,Donte DiVincenzo,4500000.0,0.023390459106579897
2022.0,GSW,Jordan Poole,3901399.0,0.02027900305954482
2022.0,GSW,Moses Moody,3740160.0,0.019440902118236857
2022.0,GSW,Andre Iguodala,2905851.0,0.015104264218958732
2022.0,GSW,JaMychal Green,2628597.0,0.013663131252484131
2022.0,GSW,Patrick Baldwin,2226000.0,0.011570480438054856
2022.0,GSW,Ryan Rollins,1017781.0,0.005290303302211998
2022.0,GSW,Anthony Lamb,694878.0,0.00361189232068045
2022.0,GSW,Ty Jerome,508891.0,0.0026451542500459
2022.0,GSW,Lester Quinones,129405.0,0.0006726316357082158
2023.0,GSW,Stephen Curry,51915615.0,0.24797917517385815
2023.0,GSW,Klay Thompson,43219440.0,0.20644118503991624
2023.0,GSW,Chris Paul,30800000.0,0.14711871554165024
2023.0,GSW,Andrew Wiggins,24330357.0,0.11621593735421425
2023.0,GSW,Draymond Green,22321429.0,0.10662012868617346
2023.0,GSW,Gary Payton II,8715000.0,0.04162790928394422
2023.0,GSW,Kevon Looney,7500000.0,0.03582436255072652
2023.0,GSW,Jonathan Kuminga,6012840.0,0.02872082134926806
2023.0,GSW,Moses Moody,3918480.0,0.01871693975570278
2023.0,GSW,Brandin Podziemski,3352404.0,0.016013031508334104
2023.0,GSW,Dario Saric,2709849.0,0.012943815071163161
2023.0,GSW,Trayce Jackson-Davis,1119563.0,0.005347684108050538
2023.0,GSW,Lester Quinones,1108597.0,0.005295304113419702
2023.0,GSW,Gui Santos,1029483.0,0.004917409630907946
2023.0,GSW,Usman Garuba,571390.0,0.0027292910023812835
2023.0,GSW,Jerome Robinson,559782.0,0.002673844442316106
2023.0,GSW,Pat Spencer,170508.0,0.000814445387973237
2022.0,HOU,John Wall,47345760.0,0.3441330951849884
2022.0,HOU,Derrick Favors,10183800.0,0.07402104464570608
2022.0,HOU,Danny Green,9710528.0,0.07058106272917564
2022.0,HOU,Jalen Green,9441840.0,0.06862810151197131
2022.0,HOU,Jabari Smith,8882640.0,0.06456355113137872
2022.0,HOU,Jae'Sean Tate,7065217.0,0.051353595218739716
2022.0,HOU,Justin Holiday,5418154.0,0.03938190254436565
2022.0,HOU,Moe Harkless,4564980.0,0.03318059942131182
2022.0,HOU,Ty Jerome,4220057.0,0.03067352340034412
2022.0,HOU,Boban Marjanovic,4101478.0,0.02981163084029353
2022.0,HOU,Alperen Sengun,3375360.0,0.024533835430323697
2022.0,HOU,Tari Eason,3359160.0,0.02441608558024215
2022.0,HOU,Kevin Porter,3217631.0,0.02338738073257604
2022.0,HOU,Usman Garuba,2471160.0,0.017961649353550053
2022.0,HOU,Frank Kaminsky,2463490.0,0.017905899887492926
2022.0,HOU,Josh Christopher,2372160.0,0.017242066936385053
2022.0,HOU,TyTy Washington,2210040.0,0.016063696214457888
2022.0,HOU,Theo Maledon,1900000.0,0.013810167602156517
2022.0,HOU,KJ Martin,1782621.0,0.012956997253223081
2022.0,HOU,Daishen Nix,1563518.0,0.011364445067888713
2022.0,HOU,DJ Augustin,633938.0,0.004607784225987315
2022.0,HOU,Darius Days,508891.0,0.00369887894801528
2022.0,HOU,Trevor Hudgins,508891.0,0.00369887894801528
2022.0,HOU,Willie Cauley-Stein,155738.0,0.0011319830958024483
2022.0,HOU,Troy Williams,122741.0,0.0008921440956085753
2023.0,HOU,Fred VanVleet,40806300.0,0.2732136677068385
2023.0,HOU,Dillon Brooks,22627671.0,0.15150084632945565
2023.0,HOU,Steven Adams,12600000.0,0.0843617826930196
2023.0,HOU,Jalen Green,9891480.0,0.06622721319621822
2023.0,HOU,Jabari Smith,9326520.0,0.0624445915493731
2023.0,HOU,Amen Thompson,8809284.0,0.05898150019754717
2023.0,HOU,Jock Landale,8000000.0,0.05356303663048863
2023.0,HOU,Jeff Green,8000000.0,0.05356303663048863
2023.0,HOU,Jae'Sean Tate,7000000.0,0.04686765705167755
2023.0,HOU,Alperen Sengun,3536280.0,0.023676736896958043
2023.0,HOU,Tari Eason,3527160.0,0.023615675035199284
2023.0,HOU,Cameron Whitmore,3218160.0,0.02154680274534666
2023.0,HOU,Reggie Bullock,3196448.0,0.021401432663931515
2023.0,HOU,Boban Marjanovic,2891467.0,0.019359469104606133
2023.0,HOU,Aaron Holiday,2346614.0,0.01571147145495218
2023.0,HOU,Jeremiah Robinson-Earl,1900000.0,0.01272122119974105
2023.0,HOU,Jermaine Samuels,559782.0,0.0037479529713860234
2023.0,HOU,Nate Hinton,559782.0,0.0037479529713860234
2023.0,HOU,Nate Williams,559782.0,0.0037479529713860234
2022.0,IND,Myles Turner,35096500.0,0.2791948528454233
2022.0,IND,Buddy Hield,21177750.0,0.16847032595407413
2022.0,IND,Daniel Theis,8694369.0,0.06916424924248314
2022.0,IND,TJ McConnell,8100000.0,0.06443600666869712
2022.0,IND,Bennedict Mathurin,6586800.0,0.052398406015478294
2022.0,IND,Goga Bitadze,4765339.0,0.03790856982501265
2022.0,IND,Jalen Smith,4670160.0,0.03715141492640525
2022.0,IND,Tyrese Haliburton,4215120.0,0.033531543262883774
2022.0,IND,George Hill,4000000.0,0.03182025020676401
2022.0,IND,Chris Duarte,3936960.0,0.03131876306350541
2022.0,IND,James Johnson,3841067.0,0.030555928250236102
2022.0,IND,Aaron Nesmith,3804360.0,0.03026392176915118
2022.0,IND,Serge Ibaka,2905851.0,0.02311622647089385
2022.0,IND,Jordan Nwora,2800000.0,0.022274175144734804
2022.0,IND,Isaiah Jackson,2573760.0,0.020474421793040234
2022.0,IND,Andrew Nembhard,2244111.0,0.017852043377937846
2022.0,IND,Oshae Brissett,1846738.0,0.014690916306584739
2022.0,IND,Terry Taylor,1563518.0,0.012437883490694811
2022.0,IND,Nik Stauskas,702311.0,0.00558692793574066
2022.0,IND,Juwan Morgan,576230.0,0.004583945694160906
2022.0,IND,Malik Fitts,555217.0,0.004416785964762223
2022.0,IND,Trevelin Queen,508891.0,0.004048259736992586
2022.0,IND,Kendall Brown,508891.0,0.004048259736992586
2022.0,IND,Gabe York,32171.0,0.0002559223173504512
2023.0,IND,Pascal Siakam,37893408.0,0.2547929957794502
2023.0,IND,Myles Turner,20975000.0,0.14103463817437503
2023.0,IND,Doug McDermott,14000000.0,0.09413515778027415
2023.0,IND,TJ McConnell,8700000.0,0.058498276620598935
2023.0,IND,Daniel Theis,6928876.0,0.04658934539285392
2023.0,IND,Bennedict Mathurin,6916080.0,0.04650330585864275
2023.0,IND,Obi Toppin,6803012.0,0.04574304342864989
2023.0,IND,Jarace Walker,6059460.0,0.04074344451166143
2023.0,IND,Tyrese Haliburton,5808435.0,0.03905556751296191
2023.0,IND,Aaron Nesmith,5634257.0,0.03788440511925815
2023.0,IND,Furkan Korkmaz,5370370.0,0.03611004480631792
2023.0,IND,Jalen Smith,5043773.0,0.03391402622592048
2023.0,IND,James Johnson,3839412.0,0.02581597531453414
2023.0,IND,Cory Joseph,3196448.0,0.02149272405831727
2023.0,IND,Isaiah Jackson,2696280.0,0.018129624515699827
2023.0,IND,Ben Sheppard,2537172.0,0.017059791895406694
2023.0,IND,Andrew Nembhard,2131905.0,0.014334800967682526
2023.0,IND,Kendall Brown,1100000.0,0.007396333825592969
2023.0,IND,Nik Stauskas,702311.0,0.004722296913987295
2023.0,IND,Juwan Morgan,576230.0,0.0038745358548376695
2023.0,IND,Isaiah Wong,559782.0,0.0037639404923255305
2023.0,IND,Oscar Tshiebwe,559782.0,0.0037639404923255305
2023.0,IND,Malik Fitts,555217.0,0.0037332457069493195
2023.0,IND,Quenton Jackson,135120.0,0.0009085387513764746
2022.0,LAC,Kawhi Leonard,42492492.0,0.22027629798957282
2022.0,LAC,Paul George,42492492.0,0.22027629798957282
2022.0,LAC,Eric Gordon,19568360.0,0.10144017673821619
2022.0,LAC,Norman Powell,16758621.0,0.08687480586665317
2022.0,LAC,Marcus Morris,16372093.0,0.08487108820026369
2022.0,LAC,Robert Covington,12307692.0,0.063801690674105
2022.0,LAC,Nicolas Batum,10843350.0,0.056210706489166005
2022.0,LAC,Ivica Zubac,10123457.0,0.05247886216738305
2022.0,LAC,Mason Plumlee,9080417.0,0.04707186015264962
2022.0,LAC,Amir Coffey,3395062.0,0.01759961945289241
2022.0,LAC,Bones Hyland,2201520.0,0.011412432002105321
2022.0,LAC,Terance Mann,1930681.0,0.01000843309634103
2022.0,LAC,Jason Preston,1563518.0,0.008105101411328404
2022.0,LAC,BJ Boston,1563518.0,0.008105101411328404
2022.0,LAC,Russell Westbrook,784914.0,0.004068905870716821
2022.0,LAC,Moussa Diabate,508891.0,0.0026380336921687647
2022.0,LAC,Moses Brown,508891.0,0.0026380336921687647
2022.0,LAC,Nate Darling,152082.0,0.0007883759782987126
2022.0,LAC,Keaton Wallace,140384.0,0.0007277348623603481
2022.0,LAC,Xavier Moon,116986.0,0.0006064422627086255
2023.0,LAC,Paul George,45640084.0,0.22665161995346808
2023.0,LAC,Kawhi Leonard,45640084.0,0.22665161995346808
2023.0,LAC,James Harden,35680595.0,0.17719215104103694
2023.0,LAC,Norman Powell,18000000.0,0.08938916850289814
2023.0,LAC,PJ Tucker,11014500.0,0.054698722026398416
2023.0,LAC,Ivica Zubac,10933333.0,0.054295641435294265
2023.0,LAC,Terance Mann,10576923.0,0.05252568623828772
2023.0,LAC,Mason Plumlee,5000000.0,0.02483032458413837
2023.0,LAC,Russell Westbrook,3835738.0,0.019048523911942748
2023.0,LAC,Amir Coffey,3666667.0,0.018208906350389777
2023.0,LAC,Kobe Brown,2413356.0,0.011984882563415568
2023.0,LAC,Bones Hyland,2306400.0,0.011453732124171348
2023.0,LAC,Daniel Theis,2179511.0,0.01082359311294
2023.0,LAC,BJ Boston,1836096.0,0.009118171929527626
2023.0,LAC,Josh Primo,1000000.0,0.004966064916827675
2023.0,LAC,Moussa Diabate,559782.0,0.0027799137512716293
2023.0,LAC,Jordan Miller,559782.0,0.0027799137512716293
2023.0,LAC,Xavier Moon,489005.0,0.0024284305746533168
2023.0,LAC,Kai Jones,34823.0,0.0001729332785986901
2022.0,LAL,LeBron James,44474988.0,0.26255741928638876
2022.0,LAL,Anthony Davis,37980720.0,0.2242186063285488
2022.0,LAL,D'Angelo Russell,31377750.0,0.18523807275706258
2022.0,LAL,Malik Beasley,15558035.0,0.0918466244165667
2022.0,LAL,Mo Bamba,10300000.0,0.060805894284891186
2022.0,LAL,Lonnie Walker,6479000.0,0.038248678550661164
2022.0,LAL,Rui Hachimura,6263188.0,0.03697463567130088
2022.0,LAL,Jarred Vanderbilt,4374000.0,0.025821842873991654
2022.0,LAL,Dennis Schroeder,2641682.0,0.015595129750126207
2022.0,LAL,Troy Brown,1968175.0,0.011619091357685992
2022.0,LAL,Davon Reed,1902133.0,0.01122921340910708
2022.0,LAL,Wenyen Gabriel,1878720.0,0.011090995117564152
2022.0,LAL,Austin Reaves,1563518.0,0.009230204875779078
2022.0,LAL,Max Christie,1017781.0,0.0060084547467156154
2022.0,LAL,Scottie Pippen Jr,508891.0,0.003004230325100249
2022.0,LAL,Cole Swider,508891.0,0.003004230325100249
2022.0,LAL,Matt Ryan,442439.0,0.002611931947719706
2022.0,LAL,Sterling Brown,122602.0,0.00072377905350643
2022.0,LAL,Tristan Thompson,16700.0,9.858819752987212e-05
2022.0,LAL,Shaquille Harrison,12260.0,7.23767246536666e-05
2023.0,LAL,LeBron James,47607350.0,0.28024613349476785
2023.0,LAL,Anthony Davis,40600080.0,0.23899703385250923
2023.0,LAL,D'Angelo Russell,17307693.0,0.10188372263871985
2023.0,LAL,Rui Hachimura,15740741.0,0.09265967972576851
2023.0,LAL,Austin Reaves,12015150.0,0.07072856041891977
2023.0,LAL,Gabe Vincent,10500000.0,0.06180945592844513
2023.0,LAL,Jarred Vanderbilt,4640000.0,0.02731389290552242
2023.0,LAL,Taurean Prince,4516000.0,0.026583952664081735
2023.0,LAL,Jalen Hood-Schifino,3695076.0,0.021751489254690986
2023.0,LAL,Christian Wood,2709849.0,0.015951837365546773
2023.0,LAL,Cam Reddish,2165000.0,0.012744521150960354
2023.0,LAL,Jaxson Hayes,2165000.0,0.012744521150960354
2023.0,LAL,Max Christie,1719864.0,0.010124176962944702
2023.0,LAL,Spencer Dinwiddie,1554654.0,0.009151649323521995
2023.0,LAL,Maxwell Lewis,1119563.0,0.006590436181677888
2023.0,LAL,Colin Castleton,559782.0,0.003295221034146369
2023.0,LAL,Dylan Windler,321714.0,0.001893806409958457
2023.0,LAL,Skylar Mays,315280.0,0.001855931930011446
2023.0,LAL,Alex Fudge,241285.0,0.0014203518641614176
2023.0,LAL,D'Moi Hodge,241285.0,0.0014203518641614176
2023.0,LAL,Harry Giles,141554.0,0.000833273878523345
2022.0,MEM,Jaren Jackson Jr,28946605.0,0.22767590281920208
2022.0,MEM,Steven Adams,17926829.0,0.1410012323469524
2022.0,MEM,Tyus Jones,15000000.0,0.11798062474988108
2022.0,MEM,Luke Kennard,13745455.0,0.1081131578914251
2022.0,MEM,Ja Morant,12119440.0,0.09532394018791325
2022.0,MEM,Dillon Brooks,11400000.0,0.08966527480990961
2022.0,MEM,Ziaire Williams,4591680.0,0.036115285003435596
2022.0,MEM,Brandon Clarke,4343919.0,0.03416655183219191
2022.0,MEM,Jake LaRavia,3047640.0,0.023970831414181836
2022.0,MEM,David Roddy,2588640.0,0.020360624296835477
2022.0,MEM,John Konchar,2300000.0,0.01809036246164843
2022.0,MEM,Desmond Bane,2130240.0,0.01675513640447911
2022.0,MEM,Santiago Aldama,2094120.0,0.016471039060081398
2022.0,MEM,Killian Tillie,1901625.0,0.014956993702666174
2022.0,MEM,Xavier Tillman,1782621.0,0.014020982618150516
2022.0,MEM,Kenneth Lofton,1505966.0,0.011844987302138626
2022.0,MEM,Kennedy Chandler,1200000.0,0.009438449979990486
2022.0,MEM,Vince Williams Jr,508891.0,0.0040026185406394485
2022.0,MEM,Jacob Gilyard,5849.0,4.60045782774703e-05
2023.0,MEM,Ja Morant,34005250.0,0.2090707010000226
2023.0,MEM,Jaren Jackson Jr,27102202.0,0.1666294578273712
2023.0,MEM,Marcus Smart,18583713.0,0.11425617821051846
2023.0,MEM,Luke Kennard,14763636.0,0.09076962315610589
2023.0,MEM,Brandon Clarke,12500000.0,0.07685236140008624
2023.0,MEM,Victor Oladipo,9450000.0,0.058100385218465195
2023.0,MEM,Bismack Biyombo,5000000.0,0.030740944560034494
2023.0,MEM,Ziaire Williams,4810200.0,0.029574018304535585
2023.0,MEM,Desmond Bane,3845083.0,0.023640296666346223
2023.0,MEM,Jake LaRavia,3199920.0,0.019673712663309115
2023.0,MEM,Derrick Rose,3196448.0,0.019652366151406628
2023.0,MEM,Josh Christopher,2485200.0,0.015279479084119545
2023.0,MEM,John Konchar,2400000.0,0.014755653388816558
2023.0,MEM,Yuta Watanabe,2346614.0,0.014427426175560157
2023.0,MEM,Chimezie Metu,2346614.0,0.014427426175560157
2023.0,MEM,Vince Williams Jr,2232308.0,0.013724651293784296
2023.0,MEM,Santiago Aldama,2194200.0,0.013490356110725538
2023.0,MEM,Lamar Stevens,2092354.0,0.012864187662793283
2023.0,MEM,GG Jackson,1991428.0,0.012243675548660075
2023.0,MEM,Isaiah Todd,1836096.0,0.01128866506858022
2023.0,MEM,Kenneth Lofton,1719864.0,0.010574048774959833
2023.0,MEM,Kennedy Chandler,1719864.0,0.010574048774959833
2023.0,MEM,Jacob Gilyard,559782.0,0.003441645485541046
2023.0,MEM,Scottie Pippen Jr,289542.0,0.0017801589139603015
2023.0,MEM,Jordan Goodwin,280149.0,0.0017224089755098206
2023.0,MEM,Trey Jemison,276674.0,0.0017010440190405967
2023.0,MEM,Jaylen Nowell,248850.0,0.0015299768107529168
2023.0,MEM,DeJon Jarreau,207100.0,0.0012732899236766288
2023.0,MEM,Zavier Simpson,207100.0,0.0012732899236766288
2023.0,MEM,Shaquille Harrison,145301.0,0.0008933379971035145
2023.0,MEM,Matthew Hurt,128686.0,0.0007911858383305198
2023.0,MEM,Maozinha Pereira,128685.0,0.0007911796901416077
2023.0,MEM,Wenyen Gabriel,124425.0,0.0007649884053764584
2023.0,MEM,Jack White,103550.0,0.0006366449618383144
2023.0,MEM,Tosan Evbuomwan,64343.0,0.0003955929191652599
2023.0,MEM,Timmy Allen,64343.0,0.0003955929191652599
2022.0,MIA,Jimmy Butler,37653300.0,0.2486872150031756
2022.0,MIA,Bam Adebayo,30351780.0,0.20046316361617933
2022.0,MIA,Kyle Lowry,28333334.0,0.18713201563248866
2022.0,MIA,Duncan Robinson,16902000.0,0.11163195013408317
2022.0,MIA,Victor Oladipo,8750000.0,0.05779076817377989
2022.0,MIA,Caleb Martin,6479000.0,0.04279158708547656
2022.0,MIA,Tyler Herro,5722116.0,0.03779262619651162
2022.0,MIA,Kevin Love,3114138.0,0.02056782025361812
2022.0,MIA,Udonis Haslem,2905851.0,0.019192155598691026
2022.0,MIA,Nikola Jovic,2239920.0,0.014793908279750063
2022.0,MIA,Gabe Vincent,1815677.0,0.01199192783833876
2022.0,MIA,Max Strus,1815677.0,0.01199192783833876
2022.0,MIA,Haywood Highsmith,1752638.0,0.01157557672577797
2022.0,MIA,Omer Yurtseven,1752638.0,0.01157557672577797
2022.0,MIA,Cody Zeller,743922.0,0.0049133512961571065
2022.0,MIA,Jamal Cain,508891.0,0.0033610516350540596
2022.0,MIA,Orlando Robinson,386055.0,0.002549761715123268
2022.0,MIA,Dru Smith,122836.0,0.0008112899199307917
2022.0,MIA,Jamaree Bouyea,58493.0,0.00038632633174730366
2023.0,MIA,Jimmy Butler,45183960.0,0.2550697558028957
2023.0,MIA,Bam Adebayo,32600060.0,0.184031885283179
2023.0,MIA,Tyler Herro,27000000.0,0.15241876556809505
2023.0,MIA,Terry Rozier,23205221.0,0.13099670887240134
2023.0,MIA,Duncan Robinson,18154000.0,0.10248186185641472
2023.0,MIA,Caleb Martin,6802950.0,0.0384036015267212
2023.0,MIA,Kevin Love,3835738.0,0.02165327596306051
2023.0,MIA,Jaime Jaquez,3510540.0,0.019817487899163717
2023.0,MIA,Josh Richardson,2891467.0,0.01632273447484752
2023.0,MIA,Thomas Bryant,2528233.0,0.014272227886241544
2023.0,MIA,Nikola Jovic,2352000.0,0.013277368022820724
2023.0,MIA,Haywood Highsmith,1902137.0,0.010737828647459246
2023.0,MIA,Orlando Robinson,1801769.0,0.010171237289587447
2023.0,MIA,Dru Smith,1801769.0,0.010171237289587447
2023.0,MIA,Delon Wright,947205.0,0.0053471043274047215
2023.0,MIA,Patrick Mills,734816.0,0.004148138801469827
2023.0,MIA,Cole Swider,559782.0,0.0031600474602681253
2023.0,MIA,RJ Hampton,559782.0,0.0031600474602681253
2023.0,MIA,Jamal Cain,559782.0,0.0031600474602681253
2023.0,MIA,Alondes Williams,212331.0,0.001198638107845896
2022.0,MIL,Giannis Antetokounmpo,42492492.0,0.2322872842426275
2022.0,MIL,Khris Middleton,37984276.0,0.20764290114974698
2022.0,MIL,Jrue Holiday,34319520.0,0.18760933336906999
2022.0,MIL,Brook Lopez,13906976.0,0.07602316397605956
2022.0,MIL,Bobby Portis,10843350.0,0.05927570271925438
2022.0,MIL,Jae Crowder,10183800.0,0.055670240410236944
2022.0,MIL,Grayson Allen,8925000.0,0.04878894868922845
2022.0,MIL,Joe Ingles,6479000.0,0.03541777014649985
2022.0,MIL,Pat Connaughton,5728393.0,0.03131454029677708
2022.0,MIL,Wesley Matthews,2905851.0,0.0158849765084082
2022.0,MIL,MarJon Beauchamp,2485200.0,0.013585467258540117
2022.0,MIL,Jevon Carter,2100000.0,0.011479752632759636
2022.0,MIL,Thanasis Antetokounmpo,1878720.0,0.010270114698199134
2022.0,MIL,Sandro Mamukelashvili,758395.0,0.004145803332343687
2022.0,MIL,Meyers Leonard,713558.0,0.003900699680536524
2022.0,MIL,Goran Dragic,617911.0,0.0033778406805053045
2022.0,MIL,AJ Green,508891.0,0.002781877522398897
2022.0,MIL,Lindell Wigginton,99438.0,0.000543582686807787
2023.0,MIL,Giannis Antetokounmpo,45640084.0,0.24361299309749154
2023.0,MIL,Damian Lillard,45640084.0,0.24361299309749154
2023.0,MIL,Khris Middleton,29320988.0,0.15650658415211577
2023.0,MIL,Brook Lopez,25000000.0,0.13344245438806135
2023.0,MIL,Bobby Portis,11710818.0,0.06250881187247552
2023.0,MIL,Pat Connaughton,9423869.0,0.05030176836766261
2023.0,MIL,Jae Crowder,3196448.0,0.017061674657752397
2023.0,MIL,Patrick Beverley,3196448.0,0.017061674657752397
2023.0,MIL,Malik Beasley,2709849.0,0.014464356063241347
2023.0,MIL,MarJon Beauchamp,2609400.0,0.013928189619208291
2023.0,MIL,Thanasis Antetokounmpo,2346614.0,0.012525517266455448
2023.0,MIL,AJ Green,1901769.0,0.010151068921565162
2023.0,MIL,Andre Jackson Jr,1119563.0,0.005975889382482446
2023.0,MIL,Chris Livingston,1119563.0,0.005975889382482446
2023.0,MIL,Danilo Gallinari,1047112.0,0.005589167811967668
2023.0,MIL,TyTy Washington,559782.0,0.0029879473600903103
2023.0,MIL,Lindell Wigginton,244502.0,0.0013050778793115912
2023.0,MIL,Marques Bolden,244502.0,0.0013050778793115912
2023.0,MIL,Ryan Rollins,173725.0,0.0009272916155426384
2023.0,MIL,Jaylin Galloway,141554.0,0.0007555725275379054
2022.0,MIN,Rudy Gobert,38172414.0,0.26182493153200026
2022.0,MIN,Karl-Anthony Towns,33833400.0,0.23206359541460433
2022.0,MIN,Mike Conley,22680000.0,0.15556232433049075
2022.0,MIN,Anthony Edwards,10733400.0,0.07362048730021559
2022.0,MIN,Kyle Anderson,8780488.0,0.06022544629788281
2022.0,MIN,Taurean Prince,7100000.0,0.048698963965894376
2022.0,MIN,Nickeil Alexander-Walker,5009633.0,0.03436111788019089
2022.0,MIN,Austin Rivers,2905851.0,0.019931258188627905
2022.0,MIN,Wendell Moore,2306520.0,0.015820441460086578
2022.0,MIN,Bryn Forbes,2298385.0,0.015764643421796076
2022.0,MIN,Jaden McDaniels,2161440.0,0.014825336433020104
2022.0,MIN,Jordan McLaughlin,2160000.0,0.014815459460046738
2022.0,MIN,Jaylen Nowell,1930681.0,0.013242558373047452
2022.0,MIN,Naz Reid,1930681.0,0.013242558373047452
2022.0,MIN,Nathan Knight,1836090.0,0.012593757851850563
2022.0,MIN,Josh Minott,1017781.0,0.006980969048474921
2022.0,MIN,Luka Garza,508891.0,0.003490487953741965
2022.0,MIN,Matt Ryan,363658.0,0.0024943334982970725
2022.0,MIN,AJ Lawson,64343.0,0.0004413292166841608
2023.0,MIN,Rudy Gobert,41000000.0,0.24634341207748567
2023.0,MIN,Karl-Anthony Towns,36016200.0,0.2163988682454912
2023.0,MIN,Mike Conley,24360000.0,0.14636403702945247
2023.0,MIN,Anthony Edwards,13534817.0,0.08132226833230143
2023.0,MIN,Naz Reid,12950400.0,0.07781087131142123
2023.0,MIN,Monte Morris,9800926.0,0.05888764761851081
2023.0,MIN,Kyle Anderson,9219512.0,0.05539429375047132
2023.0,MIN,Nickeil Alexander-Walker,4687500.0,0.028164262051541808
2023.0,MIN,Jaden McDaniels,3901399.0,0.02344107174477294
2023.0,MIN,Wendell Moore,2421720.0,0.014550604095031429
2023.0,MIN,Jordan McLaughlin,2420000.0,0.014540269688475984
2023.0,MIN,Leonard Miller,1800000.0,0.010815076627792054
2023.0,MIN,Josh Minott,1719864.0,0.010333589416322751
2023.0,MIN,Luka Garza,687465.0,0.00413054814106948
2023.0,MIN,TJ Warren,649659.0,0.003903395481630421
2023.0,MIN,Jaylen Clark,559782.0,0.003363380680477051
2023.0,MIN,Daishen Nix,559782.0,0.003363380680477051
2023.0,MIN,Justin Jackson,145301.0,0.0008730230272748962
2022.0,NOP,CJ McCollum,33333333.0,0.22467732908890894
2022.0,NOP,Brandon Ingram,31650600.0,0.21333517029519433
2022.0,NOP,Jonas Valanciunas,14700000.0,0.09908270311903587
2022.0,NOP,Zion Williamson,13534817.0,0.09122899691030474
2022.0,NOP,Josh Richardson,12196094.0,0.08220557557917378
2022.0,NOP,Larry Nance Jr,9672727.0,0.065197274672958
2022.0,NOP,Jaxson Hayes,6803012.0,0.04585447743613867
2022.0,NOP,Dyson Daniels,5508600.0,0.03712972642187218
2022.0,NOP,Garrett Temple,5155500.0,0.03474971945103329
2022.0,NOP,Kira Lewis,4004280.0,0.02699012832962537
2022.0,NOP,Trey Murphy,3206520.0,0.021612970694234755
2022.0,NOP,Willy Hernangomez,2443581.0,0.016470517739477334
2022.0,NOP,Herb Jones,1785000.0,0.012031471093025783
2022.0,NOP,Naji Marshall,1782621.0,0.012015435871888356
2022.0,NOP,Jose Alvarado,1563518.0,0.010538611552059096
2022.0,NOP,Dereon Seabron,511816.0,0.003449803590447106
2022.0,NOP,EJ Liddell,508891.0,0.0034300881546224004
2023.0,NOP,CJ McCollum,35802469.0,0.21386875614695866
2023.0,NOP,Zion Williamson,34005250.0,0.20313293253508202
2023.0,NOP,Brandon Ingram,33833400.0,0.20210637356385983
2023.0,NOP,Jonas Valanciunas,15435000.0,0.09220213977779876
2023.0,NOP,Herb Jones,12015150.0,0.07177340717533001
2023.0,NOP,Larry Nance Jr,10375000.0,0.06197584711335679
2023.0,NOP,Dyson Daniels,5784120.0,0.034551878246294875
2023.0,NOP,Jordan Hawkins,4310196.0,0.025747281766226697
2023.0,NOP,Trey Murphy,3359280.0,0.02006691312683925
2023.0,NOP,Cody Zeller,3196448.0,0.019094223860606756
2023.0,NOP,Matt Ryan,2059782.0,0.012304263548804269
2023.0,NOP,Naji Marshall,1930681.0,0.011533068961991596
2023.0,NOP,Jose Alvarado,1836096.0,0.010968058311464671
2023.0,NOP,EJ Liddell,1801769.0,0.01076300338097212
2023.0,NOP,Jeremiah Robinson-Earl,648843.0,0.003875912729500893
2023.0,NOP,Dereon Seabron,559782.0,0.0033439001107285872
2023.0,NOP,Malcolm Hill,286583.0,0.0017119252234493619
2023.0,NOP,Jalen Crutcher,64343.0,0.00038435777646406903
2023.0,NOP,Izaiah Brockington,64343.0,0.00038435777646406903
2023.0,NOP,Kaiser Gates,35389.0,0.00021139886780670685
2022.0,NYK,Jalen Brunson,27733332.0,0.18614481645010506
2022.0,NYK,Julius Randle,23760000.0,0.15947599945273422
2022.0,NYK,Evan Fournier,18000000.0,0.12081515110055623
2022.0,NYK,Mitchell Robinson,17045454.0,0.11440828336597669
2022.0,NYK,Derrick Rose,14520730.0,0.09746245494668776
2022.0,NYK,Josh Hart,12960000.0,0.08698690879240048
2022.0,NYK,RJ Barrett,10900634.0,0.07316454132232558
2022.0,NYK,Isaiah Hartenstein,8854879.0,0.059433530242341236
2022.0,NYK,Obi Toppin,5348280.0,0.03589740312933794
2022.0,NYK,Immanuel Quickley,2316240.0,0.015546493643619574
2022.0,NYK,Quentin Grimes,2277000.0,0.015283116614220361
2022.0,NYK,Jericho Sims,1639842.0,0.011006542167279906
2022.0,NYK,Miles McBride,1563518.0,0.010494259078802193
2022.0,NYK,DaQuan Jeffries,799403.0,0.005365555235290997
2022.0,NYK,Trevor Keels,520589.0,0.0034941688164604147
2022.0,NYK,Isaiah Roby,400000.0,0.002684781135567916
2022.0,NYK,Feron Hunt,131610.0,0.0008833601131302336
2022.0,NYK,Duane Washington Jr,119911.0,0.0008048369768677109
2022.0,NYK,Moses Brown,96514.0,0.0006477974162955047
2023.0,NYK,Julius Randle,26943840.0,0.1633053846161026
2023.0,NYK,Jalen Brunson,26346666.0,0.15968594025506364
2023.0,NYK,Bojan Bogdanovic,20000000.0,0.12121908726900293
2023.0,NYK,OG Anunoby,18642857.0,0.11299350548132711
2023.0,NYK,Mitchell Robinson,15681818.0,0.09504678323393105
2023.0,NYK,Josh Hart,12960000.0,0.0785499685503139
2023.0,NYK,Donte DiVincenzo,10900000.0,0.0660644025616066
2023.0,NYK,Alec Burks,10489600.0,0.06357698689084666
2023.0,NYK,Isaiah Hartenstein,9245121.0,0.05603425646557458
2023.0,NYK,Precious Achiuwa,4379526.0,0.026544107219543367
2023.0,NYK,Jericho Sims,1927896.0,0.011684889673478084
2023.0,NYK,Miles McBride,1836096.0,0.011128494062913361
2023.0,NYK,DaQuan Jeffries,1341538.0,0.008131000594834183
2023.0,NYK,Taj Gibson,845038.0,0.0051217367533811856
2023.0,NYK,Jacob Toppin,759245.0,0.004601749295677707
2023.0,NYK,Dylan Windler,659454.0,0.003996920598794653
2023.0,NYK,Charlie Brown,559782.0,0.00339281315548085
2023.0,NYK,Shake Milton,552938.0,0.0033513319838173973
2023.0,NYK,Duane Washington Jr,443965.0,0.0026908516039691444
2023.0,NYK,Mamadi Diakite,372775.0,0.0022593722628351286
2023.0,NYK,Jaylen Martin,76041.0,0.0004608810307511126
2023.0,NYK,Dmytro Skapintsev,26322.0,0.00015953644075473476
2022.0,OKC,Shai Gilgeous-Alexander,30913750.0,0.20767506721816575
2022.0,OKC,Kemba Walker,27431078.0,0.18427887161915807
2022.0,OKC,Luguentz Dort,15277778.0,0.10263438027072787
2022.0,OKC,Chet Holmgren,9891240.0,0.06644822876134437
2022.0,OKC,Dario Saric,9240000.0,0.06207327228485226
2022.0,OKC,Josh Giddey,6287400.0,0.042238040277465375
2022.0,OKC,JaMychal Green,5571403.0,0.037428053617710254
2022.0,OKC,David Nwaba,5022000.0,0.03373722656001386
2022.0,OKC,Ousmane Dieng,4569840.0,0.030699666950022644
2022.0,OKC,Jalen Williams,4341480.0,0.029165570363554154
2022.0,OKC,Trey Burke,3423750.0,0.023000364284119362
2022.0,OKC,Aleksej Pokusevski,3261480.0,0.021910252823766227
2022.0,OKC,Tre Mann,3046200.0,0.0204640261941685
2022.0,OKC,Sterling Brown,3000000.0,0.02015365983274424
2022.0,OKC,Lindy Waters III,2316876.0,0.015564510259549713
2022.0,OKC,Marquese Chriss,2193920.0,0.01473850579341808
2022.0,OKC,Kenrich Williams,2000000.0,0.013435773221829494
2022.0,OKC,Jaylin Williams,2000000.0,0.013435773221829494
2022.0,OKC,Jeremiah Robinson-Earl,2000000.0,0.013435773221829494
2022.0,OKC,Justin Jackson,1836090.0,0.012334644427434456
2022.0,OKC,Isaiah Joe,1836090.0,0.012334644427434456
2022.0,OKC,Aaron Wiggins,1563518.0,0.010503536638124202
2022.0,OKC,Kyle Singler,999200.0,0.0067125123016260144
2022.0,OKC,Eugene Omoruyi,555402.0,0.003731127659475272
2022.0,OKC,Olivier Sarr,166706.0,0.0011199120053591537
2022.0,OKC,Jared Butler,111137.0,0.0007466057642772322
2023.0,OKC,Shai Gilgeous-Alexander,33386850.0,0.20543823106052458
2023.0,OKC,Gordon Hayward,33319397.0,0.20502317468354606
2023.0,OKC,Kevin Porter,15860000.0,0.09759082826382003
2023.0,OKC,Luguentz Dort,15277778.0,0.09400826034368019
2023.0,OKC,Chet Holmgren,10386000.0,0.0639078399967235
2023.0,OKC,Josh Giddey,6587040.0,0.04053182152628708
2023.0,OKC,Rudy Gay,6479000.0,0.03986702246666393
2023.0,OKC,Kenrich Williams,6175000.0,0.037996429037143044
2023.0,OKC,Cason Wallace,5291352.0,0.03255910619895464
2023.0,OKC,Aleksej Pokusevski,5009633.0,0.030825613730628344
2023.0,OKC,Ousmane Dieng,4798440.0,0.02952608663141517
2023.0,OKC,Jalen Williams,4558680.0,0.028050779129237775
2023.0,OKC,Usman Garuba,2588400.0,0.015927118529512722
2023.0,OKC,TyTy Washington,2270440.0,0.013970625480662519
2023.0,OKC,Jaylin Williams,2000000.0,0.01230653572053216
2023.0,OKC,Isaiah Joe,1997238.0,0.012289540394702106
2023.0,OKC,Aaron Wiggins,1836096.0,0.011297990505163108
2023.0,OKC,Bismack Biyombo,1194075.0,0.00734746332024722
2023.0,OKC,Mike Muscala,808297.0,0.004973667951649492
2023.0,OKC,Lindy Waters III,766095.0,0.0047139877414105425
2023.0,OKC,Jack White,600000.0,0.003691960716159648
2023.0,OKC,Keyontae Johnson,559782.0,0.0034444885893554667
2023.0,OKC,Olivier Sarr,559782.0,0.0034444885893554667
2023.0,OKC,Adam Flagler,205897.0,0.001266939392625205
2022.0,ORL,Jonathan Isaac,17400000.0,0.13797771174654377
2022.0,ORL,Markelle Fultz,16500000.0,0.13084093355275703
2022.0,ORL,Wendell Carter,14150000.0,0.11220601271342495
2022.0,ORL,Patrick Beverley,13000000.0,0.10308679613247522
2022.0,ORL,Gary Harris,13000000.0,0.10308679613247522
2022.0,ORL,Paolo Banchero,11055120.0,0.08766437705077304
2022.0,ORL,Terrence Ross,10581484.0,0.08390856029900373
2022.0,ORL,Jalen Suggs,6922320.0,0.0548922915849043
2022.0,ORL,Franz Wagner,5258280.0,0.04169686448980552
2022.0,ORL,Cole Anthony,3613680.0,0.028655591803692544
2022.0,ORL,Chuma Okeke,3433320.0,0.02722538145365768
2022.0,ORL,RJ Hampton,2412840.0,0.01913322655232935
2022.0,ORL,Bol Bol,2200000.0,0.01744545780703427
2022.0,ORL,Caleb Houstan,2000000.0,0.015859507097303882
2022.0,ORL,Moritz Wagner,1878720.0,0.014897786586923374
2022.0,ORL,Admiral Schofield,877940.0,0.006961847830503485
2022.0,ORL,Michael Carter-Williams,652829.0,0.005176773079412897
2022.0,ORL,Goga Bitadze,612181.0,0.004854444457167294
2022.0,ORL,Kevon Harris,508891.0,0.004035380213127035
2022.0,ORL,Jay Scrubb,49719.0,0.0003942594166854258
2023.0,ORL,Jonathan Isaac,17400000.0,0.13117858880758046
2023.0,ORL,Markelle Fultz,17000000.0,0.12816298906487744
2023.0,ORL,Wendell Carter,13050000.0,0.09838394160568534
2023.0,ORL,Gary Harris,13000000.0,0.09800699163784746
2023.0,ORL,Paolo Banchero,11608080.0,0.08751330765318957
2023.0,ORL,Joe Ingles,11000000.0,0.08292899292433246
2023.0,ORL,Moritz Wagner,8000000.0,0.060311994854059976
2023.0,ORL,Jalen Suggs,7252080.0,0.054673426455153905
2023.0,ORL,Anthony Black,7245480.0,0.05462366905939931
2023.0,ORL,Cole Anthony,5539771.0,0.041764330005583834
2023.0,ORL,Franz Wagner,5508720.0,0.04153023653655716
2023.0,ORL,Chuma Okeke,5266712.0,0.03970573838022699
2023.0,ORL,Jett Howard,5026824.0,0.03789722290253315
2023.0,ORL,Goga Bitadze,2066585.0,0.015579982985684691
2023.0,ORL,Caleb Houstan,2000000.0,0.015077998713514994
2023.0,ORL,Kevon Harris,559782.0,0.004220196137924425
2023.0,ORL,Trevelin Queen,559782.0,0.004220196137924425
2023.0,ORL,Admiral Schofield,559782.0,0.004220196137924425
2022.0,PHI,Tobias Harris,37633050.0,0.25005861748140973
2022.0,PHI,Joel Embiid,33616770.0,0.22337182424466076
2022.0,PHI,James Harden,33000000.0,0.21927360064853954
2022.0,PHI,PJ Tucker,10490000.0,0.06970242638797515
2022.0,PHI,De'Anthony Melton,8250000.0,0.054818400162134885
2022.0,PHI,Furkan Korkmaz,5000000.0,0.0332232728255363
2022.0,PHI,Danuel House,4105000.0,0.027276306989765298
2022.0,PHI,Georges Niang,3465000.0,0.023023728068096654
2022.0,PHI,Tyrese Maxey,2726880.0,0.018119175640499682
2022.0,PHI,Montrezl Harrell,2463490.0,0.01636904007459608
2022.0,PHI,Jaden Springer,2125200.0,0.014121219881765948
2022.0,PHI,Shake Milton,1997718.0,0.013274146028496943
2022.0,PHI,Jalen McDaniels,1930681.0,0.012828708320415848
2022.0,PHI,Paul Reed,1782621.0,0.011844900765506067
2022.0,PHI,Dewayne Dedmon,835014.0,0.005548379587028473
2022.0,PHI,Trevelin Queen,330000.0,0.0021927360064853954
2022.0,PHI,Louis King,307089.0,0.002040500325744223
2022.0,PHI,Mac McClung,160856.0,0.0010688325547248932
2022.0,PHI,Michael Foster,106288.0,0.0007062470444161203
2022.0,PHI,Saben Lee,96514.0,0.000641302190696762
2022.0,PHI,Charles Bassey,74742.0,0.0004966347715052468
2023.0,PHI,Joel Embiid,47607350.0,0.2863222932914928
2023.0,PHI,Tobias Harris,39270150.0,0.23618032522080973
2023.0,PHI,Buddy Hield,19321859.0,0.11620640467354032
2023.0,PHI,Nicolas Batum,11710818.0,0.07043173514340313
2023.0,PHI,Robert Covington,11692308.0,0.0703204114581145
2023.0,PHI,De'Anthony Melton,8000000.0,0.048113964468342436
2023.0,PHI,Paul Reed,7723000.0,0.04644801844862608
2023.0,PHI,Tyrese Maxey,4343920.0,0.02612540156666526
2023.0,PHI,Kelly Oubre,2891467.0,0.017389992562423087
2023.0,PHI,Cameron Payne,2891467.0,0.017389992562423087
2023.0,PHI,Mo Bamba,2346614.0,0.014113112827114365
2023.0,PHI,Montrezl Harrell,2019706.0,0.012147007840062254
2023.0,PHI,KJ Martin,1930681.0,0.01161158962921298
2023.0,PHI,Ricky Council,1414135.0,0.008504955142929928
2023.0,PHI,Kyle Lowry,1138964.0,0.006850009178340147
2023.0,PHI,Terquavion Smith,559782.0,0.0033666664072522084
2023.0,PHI,Kenneth Lofton,366754.0,0.002205748615577808
2023.0,PHI,Jeff Dowtin,269237.0,0.001619257431445389
2023.0,PHI,Danny Green,202074.0,0.0012153226569969788
2023.0,PHI,Ja'Vonte Smart,196245.0,0.0011802656196362327
2023.0,PHI,DJ Wilson,134863.0,0.0008110991987617583
2023.0,PHI,Darius Bazley,124425.0,0.0007483225036216885
2023.0,PHI,Kai Jones,116075.0,0.0006981035532078561
2022.0,PHO,Kevin Durant,44119845.0,0.25062048527578745
2022.0,PHO,Devin Booker,33833400.0,0.19218886935187163
2022.0,PHO,Deandre Ayton,30913750.0,0.1756039493496492
2022.0,PHO,Chris Paul,28400000.0,0.16132472319049088
2022.0,PHO,Landry Shamet,9500000.0,0.05396425599681913
2022.0,PHO,Cameron Payne,6000000.0,0.03408268799799103
2022.0,PHO,Torrey Craig,5121951.0,0.029094976312333026
2022.0,PHO,Darius Bazley,4264628.0,0.02422499759191608
2022.0,PHO,Bismack Biyombo,2905851.0,0.01650653550027504
2022.0,PHO,TJ Warren,2628597.0,0.014931608570575872
2022.0,PHO,Damion Lee,2133278.0,0.012117974747829718
2022.0,PHO,Josh Okogie,1968175.0,0.011180115741741
2022.0,PHO,Jock Landale,1563518.0,0.00888148269554049
2022.0,PHO,Terrence Ross,918516.0,0.005217582374860454
2022.0,PHO,Ishmail Wainright,855057.0,0.004857106825249703
2022.0,PHO,Duane Washington Jr,508891.0,0.0028907288629976087
2022.0,PHO,Saben Lee,406996.0,0.002311919614071726
2023.0,PHO,Kevin Durant,47649433.0,0.2458197886221816
2023.0,PHO,Bradley Beal,46741590.0,0.24113629586452112
2023.0,PHO,Devin Booker,36016200.0,0.18580482733077258
2023.0,PHO,Jusuf Nurkic,16875000.0,0.0870568372345441
2023.0,PHO,Royce O'Neale,9500000.0,0.049009775035743344
2023.0,PHO,Grayson Allen,8925000.0,0.04604339391515888
2023.0,PHO,Nassir Little,6250000.0,0.03224327304983115
2023.0,PHO,Eric Gordon,3196448.0,0.016490231304573867
2023.0,PHO,Josh Okogie,2815937.0,0.01452720409313958
2023.0,PHO,Keon Johnson,2808720.0,0.014489972140883479
2023.0,PHO,David Roddy,2718240.0,0.014023192725595683
2023.0,PHO,Damion Lee,2528233.0,0.013042961112415
2023.0,PHO,Drew Eubanks,2346614.0,0.012106002551129036
2023.0,PHO,Bol Bol,2165000.0,0.01116906978446151
2023.0,PHO,Thaddeus Young,1010371.0,0.005212426885540951
2023.0,PHO,Saben Lee,559782.0,0.002887872619900893
2023.0,PHO,Udoka Azubuike,559782.0,0.002887872619900893
2023.0,PHO,Theo Maledon,559782.0,0.002887872619900893
2023.0,PHO,Isaiah Thomas,477630.0,0.002464056721086536
2023.0,PHO,Ishmail Wainright,135120.0,0.0006970737687189096
2022.0,POR,Damian Lillard,42492492.0,0.2930572269474076
2022.0,POR,Anfernee Simons,22321429.0,0.1539438092791415
2022.0,POR,Jerami Grant,20955000.0,0.14451998227552593
2022.0,POR,Jusuf Nurkic,15625000.0,0.10776066442639429
2022.0,POR,Shaedon Sharpe,6012960.0,0.04146947614523724
2022.0,POR,Cam Reddish,5954454.0,0.04106597883752968
2022.0,POR,Matisse Thybulle,4379526.0,0.030204200424490808
2022.0,POR,Nassir Little,4171548.0,0.028769842186662162
2022.0,POR,Justise Winslow,4097561.0,0.02825957733681156
2022.0,POR,Kevin Knox,3000000.0,0.020690047569867705
2022.0,POR,Andrew Nicholson,2844429.0,0.019617123773037076
2022.0,POR,Keon Johnson,2681040.0,0.01849028171223937
2022.0,POR,Drew Eubanks,1968175.0,0.01357387812527479
2022.0,POR,Ryan Arcidiacono,1836090.0,0.012662929814186132
2022.0,POR,Greg Brown,1563518.0,0.010783087265448138
2022.0,POR,Trendon Watford,1563518.0,0.010783087265448138
2022.0,POR,Eric Bledsoe,1300000.0,0.008965687280276005
2022.0,POR,Jabari Walker,1017781.0,0.007019312435235841
2022.0,POR,John Butler,503041.0,0.00346931407319794
2022.0,POR,Didi Louzada,268032.0,0.0018485316100822601
2022.0,POR,Shaquille Harrison,122602.0,0.0008455470707203068
2022.0,POR,Skylar Mays,116574.0,0.0008039738684699193
2022.0,POR,Olivier Sarr,90665.0,0.0006252877209740184
2022.0,POR,Jeenathan Williams,52644.0,0.00036306895475603847
2022.0,POR,Justin Minaya,35096.0,0.00024204596983735897
2022.0,POR,Ibou Badji,18226.0,0.0001256989356694696
2022.0,POR,Chance Comanche,5849.0,4.033869607871873e-05
2023.0,POR,Deandre Ayton,32459438.0,0.19640961960782347
2023.0,POR,Jerami Grant,27586207.0,0.16692206511069838
2023.0,POR,Anfernee Simons,24107143.0,0.14587051034159632
2023.0,POR,Malcolm Brogdon,22500000.0,0.1361458088453666
2023.0,POR,Robert Williams,11571429.0,0.07001784714229917
2023.0,POR,Matisse Thybulle,10500000.0,0.0635347107945044
2023.0,POR,Scoot Henderson,9770904.0,0.05912300569913012
2023.0,POR,Shaedon Sharpe,6313800.0,0.038204329239461134
2023.0,POR,Kris Murray,2847504.0,0.017230032678685187
2023.0,POR,Andrew Nicholson,2844429.0,0.017211426084809654
2023.0,POR,Moses Brown,2165000.0,0.013100252273343051
2023.0,POR,Dalano Banton,2019706.0,0.012221089199992886
2023.0,POR,Duop Reath,1951220.0,0.011806685561566941
2023.0,POR,Jabari Walker,1719864.0,0.01040676779484567
2023.0,POR,Eric Bledsoe,1300000.0,0.007866202288843402
2023.0,POR,Rayan Rupert,1119563.0,0.006774391563926451
2023.0,POR,Toumani Camara,1119563.0,0.006774391563926451
2023.0,POR,Ishmail Wainright,853149.0,0.0051623404742495846
2023.0,POR,Skylar Mays,850000.0,0.005143286111936071
2023.0,POR,Justin Minaya,559782.0,0.0033871988074256443
2023.0,POR,Ibou Badji,466485.0,0.0028226656728547036
2023.0,POR,Ashton Hagans,270841.0,0.001638838533932797
2023.0,POR,Didi Louzada,268032.0,0.0016218414860640574
2023.0,POR,Taze Moore,70687.0,0.0004277217239934412
2023.0,POR,Jamaree Bouyea,29247.0,0.00017697139872446384
2022.0,SAC,De'Aaron Fox,30351780.0,0.21769468536589012
2022.0,SAC,Domantas Sabonis,21100000.0,0.15133734697669401
2022.0,SAC,Harrison Barnes,18352273.0,0.13162958800056934
2022.0,SAC,Kevin Huerter,14508929.0,0.10406364086887289
2022.0,SAC,Richaun Holmes,11215260.0,0.08044017507364158
2022.0,SAC,Malik Monk,9472219.0,0.06793841201148026
2022.0,SAC,Keegan Murray,8008440.0,0.05743962383990689
2022.0,SAC,Davion Mitchell,4833600.0,0.034668445514054416
2022.0,SAC,Terence Davis,4000000.0,0.028689544450558106
2022.0,SAC,Alex Len,3918600.0,0.02810571222098925
2022.0,SAC,Matthew Dellavedova,2628597.0,0.018853312618525922
2022.0,SAC,Trey Lyles,2625000.0,0.018827513545678756
2022.0,SAC,Chimezie Metu,1910860.0,0.013705425727198366
2022.0,SAC,KZ Okpala,1902133.0,0.01364283231359336
2022.0,SAC,Kessler Edwards,1637966.0,0.011748124591375714
2022.0,SAC,PJ Dozier,784654.0,0.005627841452827055
2022.0,SAC,Keon Ellis,508891.0,0.003649962741247241
2022.0,SAC,Neemias Queta,508891.0,0.003649962741247241
2022.0,SAC,Chima Moneke,500000.0,0.003586193056319763
2022.0,SAC,Robert Woodard,300000.0,0.002151715833791858
2022.0,SAC,Sam Merrill,150000.0,0.001075857916895929
2022.0,SAC,Deonte Burton,105522.0,0.0007568445273779482
2022.0,SAC,DJ Steward,50000.0,0.00035861930563197634
2022.0,SAC,Quenton Jackson,50000.0,0.00035861930563197634
2023.0,SAC,De'Aaron Fox,32600060.0,0.21228970033286637
2023.0,SAC,Domantas Sabonis,29300000.0,0.1907999009742002
2023.0,SAC,Harrison Barnes,17000000.0,0.11070301421711275
2023.0,SAC,Kevin Huerter,15669643.0,0.1020398065768283
2023.0,SAC,Malik Monk,9945830.0,0.06476666822888155
2023.0,SAC,Keegan Murray,8409000.0,0.05475892038539418
2023.0,SAC,Trey Lyles,8000000.0,0.0520955361021707
2023.0,SAC,Sasha Vezenkov,6341464.0,0.041295245844076976
2023.0,SAC,Davion Mitchell,5063640.0,0.03297413005354946
2023.0,SAC,Chris Duarte,4124400.0,0.026857853637474106
2023.0,SAC,Alex Len,3196448.0,0.020815084022838916
2023.0,SAC,JaVale McGee,3196448.0,0.020815084022838916
2023.0,SAC,Robin Lopez,3196448.0,0.020815084022838916
2023.0,SAC,Colby Jones,2019706.0,0.013152208354846347
2023.0,SAC,Kessler Edwards,1927896.0,0.012554346958653812
2023.0,SAC,Keon Ellis,683430.0,0.004450456529788316
2023.0,SAC,Jalen Slawson,559782.0,0.003645267923793165
2023.0,SAC,Jordan Ford,559782.0,0.003645267923793165
2023.0,SAC,Filip Petrusev,559782.0,0.003645267923793165
2023.0,SAC,Juan Toscano-Anderson,447931.0,0.0029169006977226783
2023.0,SAC,Nerlens Noel,300000.0,0.0019535826038314013
2023.0,SAC,Neemias Queta,250000.0,0.0016279855031928344
2023.0,SAC,Mason Jones,212331.0,0.001382687159513751
2022.0,SAS,Doug McDermott,13750000.0,0.13152183794336347
2022.0,SAS,Danilo Gallinari,13000000.0,0.1243479195100891
2022.0,SAS,Devonte Graham,11550000.0,0.1104783438724253
2022.0,SAS,Zach Collins,7350000.0,0.07030440064608884
2022.0,SAS,Khem Birch,6667500.0,0.06377613487180915
2022.0,SAS,Romeo Langford,5634257.0,0.05389293353347354
2022.0,SAS,Jeremy Sochan,5063520.0,0.048433705953671254
2022.0,SAS,Dewayne Dedmon,4700000.0,0.044956555515186056
2022.0,SAS,Devin Vassell,4437000.0,0.04244090145125118
2022.0,SAS,Josh Primo,4144320.0,0.039641351521850186
2022.0,SAS,Gorgui Dieng,4105236.0,0.03926750428445539
2022.0,SAS,Keldon Johnson,3873024.0,0.03704634435481872
2022.0,SAS,Malaki Branham,2925600.0,0.027984021024516664
2022.0,SAS,Charles Bassey,2600000.0,0.02486958390201782
2022.0,SAS,Blake Wesley,2385480.0,0.022817651925609795
2022.0,SAS,Joe Wieskamp,2175000.0,0.020804363456495674
2022.0,SAS,Isaiah Roby,1930681.0,0.018467397352896795
2022.0,SAS,Keita Bates-Diop,1878720.0,0.01797037871861497
2022.0,SAS,Tre Jones,1782621.0,0.017051170201922657
2022.0,SAS,Stanley Johnson,1670643.0,0.01598007548416106
2022.0,SAS,Noah Vonleh,1160955.0,0.011104795299602729
2022.0,SAS,Julian Champagnie,508891.0,0.004867656700569904
2022.0,SAS,Dominick Barlow,508891.0,0.004867656700569904
2022.0,SAS,Sandro Mamukelashvili,357717.0,0.0034216434402608107
2022.0,SAS,Jordan Hall,193027.0,0.001846346604559536
2022.0,SAS,Alize Johnson,192293.0,0.0018393257297195048
2023.0,SAS,Keldon Johnson,20000000.0,0.13998958617468446
2023.0,SAS,Marcus Morris,17116279.0,0.1198050407030221
2023.0,SAS,Victor Wembanyama,12160632.0,0.08511809206513128
2023.0,SAS,Devonte Graham,12100000.0,0.0846936996356841
2023.0,SAS,Reggie Bullock,11014080.0,0.07709282506474344
2023.0,SAS,Tre Jones,9895833.0,0.06926567832618931
2023.0,SAS,Zach Collins,7700000.0,0.05389599067725352
2023.0,SAS,Khem Birch,6985000.0,0.04889136297150855
2023.0,SAS,Cedi Osman,6718842.0,0.047028395557654465
2023.0,SAS,Cameron Payne,6500000.0,0.045496615506772455
2023.0,SAS,Devin Vassell,5887899.0,0.04121222722241692
2023.0,SAS,Jeremy Sochan,5316960.0,0.037215951505367516
2023.0,SAS,Josh Primo,4341600.0,0.030388939366800503
2023.0,SAS,Malaki Branham,3071880.0,0.021501560498914486
2023.0,SAS,Julian Champagnie,3000000.0,0.02099843792620267
2023.0,SAS,Charles Bassey,2600000.0,0.01819864620270898
2023.0,SAS,Blake Wesley,2504640.0,0.017531175855828085
2023.0,SAS,Sandro Mamukelashvili,2019706.0,0.014136890356726363
2023.0,SAS,Sidy Cissoko,1119563.0,0.007836358053324412
2023.0,SAS,Dominick Barlow,1015402.0,0.007107285289047348
2023.0,SAS,Lamar Stevens,400000.0,0.0027997917234936893
2023.0,SAS,David Duke,395708.0,0.002769749958300602
2023.0,SAS,Mamadi Diakite,337799.0,0.002364417111011112
2023.0,SAS,Charles Bediako,215548.0,0.0015087237660390443
2023.0,SAS,Sir'Jabari Rice,167291.0,0.001170949893037457
2023.0,SAS,RaiQuan Gray,141554.0,0.0009908042940685643
2023.0,SAS,Jamaree Bouyea,141554.0,0.0009908042940685643
2022.0,TOR,Pascal Siakam,35448672.0,0.23477136879146954
2022.0,TOR,Fred VanVleet,21250000.0,0.14073564129056026
2022.0,TOR,OG Anunoby,17357143.0,0.11495381887420984
2022.0,TOR,Gary Trent Jr,17280000.0,0.11444291207062972
2022.0,TOR,Chris Boucher,12690000.0,0.08404401355186869
2022.0,TOR,Jakob Poeltl,9398148.0,0.062242559328169245
2022.0,TOR,Thaddeus Young,8000000.0,0.05298282966232857
2022.0,TOR,Scottie Barnes,7644600.0,0.050629067454579624
2022.0,TOR,Otto Porter,6000000.0,0.03973712224674643
2022.0,TOR,Precious Achiuwa,2840160.0,0.018809964186719888
2022.0,TOR,Juan Hernangomez,2298385.0,0.015221867619181382
2022.0,TOR,Malachi Flynn,2145720.0,0.014210789657881457
2022.0,TOR,Sviatoslav Mykhailiuk,1878720.0,0.012442487717901242
2022.0,TOR,Dalano Banton,1563518.0,0.01035495098349808
2022.0,TOR,Christian Koloko,1500000.0,0.009934280561686607
2022.0,TOR,Justin Champagnie,825000.0,0.005463854308927634
2022.0,TOR,Joe Wieskamp,734261.0,0.0048629031863363795
2022.0,TOR,Will Barton,684712.0,0.00453474740796904
2022.0,TOR,Jeff Dowtin,508891.0,0.0033703106462115062
2022.0,TOR,Ron Harper Jr,508891.0,0.0033703106462115062
2022.0,TOR,DJ Wilson,250000.0,0.0016557134269477678
2022.0,TOR,Ishmail Wainright,125000.0,0.0008278567134738839
2022.0,TOR,Armoni Brooks,50000.0,0.0003311426853895536
2022.0,TOR,Saben Lee,10492.0,6.948698110214392e-05
2023.0,TOR,RJ Barrett,23883929.0,0.14647803603647605
2023.0,TOR,Bruce Brown,22000000.0,0.13492406516542874
2023.0,TOR,Jakob Poeltl,19500000.0,0.11959178503299366
2023.0,TOR,Spencer Dinwiddie,18857143.0,0.11564919958935493
2023.0,TOR,Gary Trent Jr,18560000.0,0.11382684770319806
2023.0,TOR,Kelly Olynyk,12195122.0,0.0747916107012888
2023.0,TOR,Chris Boucher,11750000.0,0.0720617166224449
2023.0,TOR,Scottie Barnes,8008680.0,0.04911653010041209
2023.0,TOR,Gradey Dick,4536708.0,0.027823231174023723
2023.0,TOR,Jalen McDaniels,4516000.0,0.027696230831230736
2023.0,TOR,Immanuel Quickley,4171548.0,0.025583737008759724
2023.0,TOR,Ochai Agbaji,4114200.0,0.02523202676834577
2023.0,TOR,Garrett Temple,3196448.0,0.019603534465904744
2023.0,TOR,Jordan Nwora,3000000.0,0.0183987361589221
2023.0,TOR,Christian Koloko,1719864.0,0.010547774655076133
2023.0,TOR,Javon Freeman-Liberty,849324.0,0.005208829396480119
2023.0,TOR,Markquis Nowell,559782.0,0.0034330937748379103
2023.0,TOR,Jontay Porter,411794.0,0.002525496385942389
2023.0,TOR,Jahmi'us Ramsey,232150.0,0.001423755533097922
2023.0,TOR,DJ Carton,205897.0,0.0012627481929711945
2023.0,TOR,Mouhamadou Gueye,199463.0,0.0012232890368223596
2023.0,TOR,Justise Winslow,166176.0,0.001019142793315013
2023.0,TOR,Ron Harper Jr,147988.0,0.0009075973888955213
2023.0,TOR,Kobi Simmons,120250.0,0.0007374826743701276
2023.0,TOR,Malik Williams,77212.0,0.00047353440543423107
2023.0,TOR,Omari Moore,75000.0,0.00045996840397305254
2022.0,UTA,Russell Westbrook,46295265.0,0.3112532774943869
2022.0,UTA,Collin Sexton,16700000.0,0.11227778335767732
2022.0,UTA,Lauri Markkanen,16475454.0,0.11076811107373523
2022.0,UTA,Jordan Clarkson,13340000.0,0.08968776227493507
2022.0,UTA,Kelly Olynyk,12804878.0,0.08609001904224482
2022.0,UTA,Talen Horton-Tucker,10260000.0,0.06898024294908799
2022.0,UTA,Rudy Gay,6184500.0,0.04157975755542248
2022.0,UTA,Ochai Agbaji,3918360.0,0.026343998514813685
2022.0,UTA,Simone Fontecchio,3205128.0,0.021548782468121294
2022.0,UTA,Walker Kessler,2696400.0,0.018128491918900667
2022.0,UTA,Stanley Johnson,2351521.0,0.015809794335271184
2022.0,UTA,Damian Jones,2298385.0,0.015452549287576958
2022.0,UTA,Udoka Azubuike,2174880.0,0.014622197932272173
2022.0,UTA,Juan Toscano-Anderson,2133278.0,0.014342498510520909
2022.0,UTA,Saben Lee,1752638.0,0.011783371836433106
2022.0,UTA,Leandro Bolmaro,1709300.0,0.011492000903789093
2022.0,UTA,Jared Butler,1563518.0,0.010511876364061614
2022.0,UTA,Kris Dunn,1000001.0,0.006723227283560521
2022.0,UTA,Luka Samanic,538317.0,0.003619223922380526
2022.0,UTA,Micah Potter,508891.0,0.0034213864341719625
2022.0,UTA,Johnny Juzang,508891.0,0.0034213864341719625
2022.0,UTA,Frank Jackson,113114.0,0.0007604903704622943
2022.0,UTA,Jarrell Brantley,105522.0,0.0007094476799681933
2022.0,UTA,Vernon Carey,100000.0,0.000672322056033996
2023.0,UTA,John Collins,25340000.0,0.18947430883899594
2023.0,UTA,Jordan Clarkson,23487629.0,0.17562360974908278
2023.0,UTA,Collin Sexton,17525000.0,0.13103935526453844
2023.0,UTA,Lauri Markkanen,17259999.0,0.12905786823546808
2023.0,UTA,Talen Horton-Tucker,11020000.0,0.08239964022911347
2023.0,UTA,Otto Porter,6300000.0,0.047106872363286284
2023.0,UTA,Kira Lewis,5722116.0,0.042785871120621946
2023.0,UTA,Taylor Hendricks,5569872.0,0.04164749990219716
2023.0,UTA,Keyonte George,3889776.0,0.029084949452980045
2023.0,UTA,Walker Kessler,2831160.0,0.021169379803181208
2023.0,UTA,Omer Yurtseven,2800000.0,0.020936387717016128
2023.0,UTA,Kris Dunn,2586484.0,0.019339868517092407
2023.0,UTA,Brice Sensabaugh,2448600.0,0.0183088710585306
2023.0,UTA,Kevin Knox,2144320.0,0.01603368389619715
2023.0,UTA,Luka Samanic,2066585.0,0.01545243743220349
2023.0,UTA,Johnny Juzang,559782.0,0.004185647496073829
2023.0,UTA,Micah Potter,559782.0,0.004185647496073829
2023.0,UTA,Kenneth Lofton,500000.0,0.0037386406637528796
2023.0,UTA,Darius Bazley,500000.0,0.0037386406637528796
2023.0,UTA,Jason Preston,315280.0,0.002357437256936016
2023.0,UTA,Josh Christopher,247720.0,0.0018522721304497268
2023.0,UTA,Taevion Kinsey,64343.0,0.0004811107124557031
2022.0,WAS,Bradley Beal,43279250.0,0.2847151733857959
2022.0,WAS,Kristaps Porzingis,33833400.0,0.22257507575179758
2022.0,WAS,Will Barton,14375000.0,0.09456681013235708
2022.0,WAS,Kyle Kuzma,13000000.0,0.08552128916317511
2022.0,WAS,Monte Morris,9125000.0,0.06002936643184407
2022.0,WAS,Delon Wright,7804878.0,0.05134486371702337
2022.0,WAS,Kendrick Nunn,5250000.0,0.034537443700513024
2022.0,WAS,Deni Avdija,4916160.0,0.03234125699480269
2022.0,WAS,Johnny Davis,4810320.0,0.031644982129800346
2022.0,WAS,Corey Kispert,3552840.0,0.023372573614653464
2022.0,WAS,Taj Gibson,2905851.0,0.019116317202777042
2022.0,WAS,Daniel Gafford,1930681.0,0.012701102160219083
2022.0,WAS,Anthony Gill,1836090.0,0.012078829524585706
2022.0,WAS,Vernon Carey,1782621.0,0.011727080462257566
2022.0,WAS,Isaiah Todd,1575000.0,0.010361233110153908
2022.0,WAS,Jordan Goodwin,1280206.0,0.008421912885725519
2022.0,WAS,Quenton Jackson,169630.0,0.001115921252365338
2022.0,WAS,Devon Dotson,169630.0,0.001115921252365338
2022.0,WAS,Xavier Cooks,140384.0,0.0009235246659910134
2022.0,WAS,Jay Huff,116986.0,0.0007695995026187079
2022.0,WAS,Jordan Schakel,96514.0,0.0006349232078688217
2022.0,WAS,Jamaree Bouyea,58493.0,0.00038479975130935394
2023.0,WAS,Jordan Poole,27955357.0,0.1853111510156025
2023.0,WAS,Kyle Kuzma,25568182.0,0.1694869872631714
2023.0,WAS,Tyus Jones,14000000.0,0.0928035408103869
2023.0,WAS,Marvin Bagley,12500000.0,0.08286030429498831
2023.0,WAS,Richaun Holmes,12046020.0,0.0798509506194812
2023.0,WAS,Landry Shamet,10250000.0,0.06794544952189041
2023.0,WAS,Delon Wright,7247917.0,0.0480451686499855
2023.0,WAS,Bilal Coulibaly,6614256.0,0.043844741187596174
2023.0,WAS,Deni Avdija,6263188.0,0.041517573082937534
2023.0,WAS,Johnny Davis,5050800.0,0.03348086599465015
2023.0,WAS,Corey Kispert,3722040.0,0.02467274935984946
2023.0,WAS,Taj Gibson,3196448.0,0.02118869231544854
2023.0,WAS,Tristan Vukcevic,2424892.0,0.01607418312019862
2023.0,WAS,Patrick Baldwin,2337720.0,0.015496335244518405
2023.0,WAS,Anthony Gill,1997238.0,0.013239339874361109
2023.0,WAS,Isaiah Livers,1836096.0,0.012171157861984867
2023.0,WAS,Jared Butler,1809782.0,0.011996726978207401
2023.0,WAS,Xavier Cooks,1719864.0,0.01140067635087966
2023.0,WAS,Ryan Rollins,1719864.0,0.01140067635087966
2023.0,WAS,Eugene Omoruyi,1459782.0,0.00967663845794773
2023.0,WAS,Jules Bernard,415011.0,0.002751035019661391
2023.0,WAS,Justin Champagnie,254412.0,0.001686452458903725
2023.0,WAS,John Butler,147988.0,0.0009809864569605383
2023.0,WAS,Hamidou Diallo,134863.0,0.0008939831374508006
2023.0,WAS,RJ Hampton,120250.0,0.0007971161273177874
2023.0,WAS,Trey Jemison,64343.0,0.0004265184447401946
